工单ID	工单状态	资产名称	分支	扫描类型	命中规则	工单处理人	资产负责人	创建时间	Leader	问题路径	处理节点	工单链接	服务树路径(仅针对TCC检测)	代码详情
85668061	fixed	pico-ttp/Enterprise_app_LSpaceU3d	rls/swan-w-mol-ttp-qssi-20260203	chinese	中文	lijialun.qwq	zhaozhenjia	2026-02-24 13:35:57	hanbingtian	Assets/Tob XR Tools/Framework/UI/Editor/LocalizationTestEditor.cs	fixed	https://gpcp.tiktok-row.net/aegis/sceneConfig/space/184/project/2886/scene/4217?detail_id=85668061_num_		EditorUtility.DisplayDialog("提示", "场景中已存在一个多语言测试器", "好的");
85668057	fixed	pico-ttp/Enterprise_app_LSpaceU3d	rls/swan-w-mol-ttp-qssi-20260203	chinese	中文	lijialun.qwq	zhaozhenjia	2026-02-24 13:35:57	hanbingtian	Assets/Tob XR Tools/Framework/UI/Editor/LocalizationTileTest.cs	fixed	https://gpcp.tiktok-row.net/aegis/sceneConfig/space/184/project/2886/scene/4217?detail_id=85668057_num_		"[MenuItem(""GameObject/多语言测试/平铺展示当前选中的UI"", false, 10)]
static void TileObjects(MenuCommand menuCommand)"
85668052	fixed	pico-ttp/Enterprise_app_LSpaceU3d	rls/swan-w-mol-ttp-qssi-20260203	chinese	中文	Gemini	zhaozhenjia	2026-02-24 13:35:56	hanbingtian	PICO Unity Integration SDK_3.1.0_20250109/SpatialAudio/Runtime/PXR_Audio_Spatializer_Types.cs	fixed	https://gpcp.tiktok-row.net/aegis/sceneConfig/space/184/project/2886/scene/4217?detail_id=85668052_num_		"InverseSquare = 2, // 引擎 InverseSquare Law 计算距离衰减
Customized = 3, // 依据外部传入的 Callback 计算距离衰减"
85668051	fixed	pico-ttp/Enterprise_app_LSpaceU3d	rls/swan-w-mol-ttp-qssi-20260203	chinese	中文	lijialun.qwq	zhaozhenjia	2026-02-24 13:35:56	hanbingtian	Assets/Third Party/TubeRenderer/Runtime/TubeRenderer.cs	fixed	https://gpcp.tiktok-row.net/aegis/sceneConfig/space/184/project/2886/scene/4217?detail_id=85668051_num_		"// Compute begin point rotation.
Vector3 right = Vector3.Cross( up, forward );  // 左手规则
if( !isFirstFrame ) {"
85668049	fixed	pico-ttp/Enterprise_app_LSpaceU3d	rls/swan-w-mol-ttp-qssi-20260203	chinese	中文	lijialun.qwq	zhaozhenjia	2026-02-24 13:35:56	hanbingtian	Assets/Tob XR Tools/Framework/UI/Localization/LocalizationTool.cs	fixed	https://gpcp.tiktok-row.net/aegis/sceneConfig/space/184/project/2886/scene/4217?detail_id=85668049_num_
85668035	fixed	pico-ttp/Enterprise_app_LSpaceU3d	rls/swan-w-mol-ttp-qssi-20260203	chinese	中文	Gemini	zhaozhenjia	2026-02-24 13:35:56	hanbingtian	PICO Unity Integration SDK_3.1.0_20250109/Assets/Resources/Hand/Shaders/PXR_Hand.shader	fixed	https://gpcp.tiktok-row.net/aegis/sceneConfig/space/184/project/2886/scene/4217?detail_id=85668035_num_
85668028	fixed	pico-ttp/Enterprise_app_LSpaceU3d	rls/swan-w-mol-ttp-qssi-20260203	chinese	中文	lijialun.qwq	zhaozhenjia	2026-02-24 13:35:56	hanbingtian	Assets/Art/Space Scanning/TriangleFadeOutFromCenter.shader	fixed	https://gpcp.tiktok-row.net/aegis/sceneConfig/space/184/project/2886/scene/4217?detail_id=85668028_num_
85668023	fixed	pico-ttp/Enterprise_app_LSpaceU3d	rls/swan-w-mol-ttp-qssi-20260203	chinese	中文	rayson.zhang	zhaozhenjia	2026-02-24 13:35:56	hanbingtian	Assets/Art/Quick Mode/Models/Old Origin Direction.fbx	fixed	https://gpcp.tiktok-row.net/aegis/sceneConfig/space/184/project/2886/scene/4217?detail_id=85668023_num_
85668011	fixed	pico-ttp/Enterprise_app_LSpaceU3d	rls/swan-w-mol-ttp-qssi-20260203	chinese	中文	Gemini	zhaozhenjia	2026-02-24 13:35:55	hanbingtian	PICO Unity Integration SDK_3.1.0_20250109/Platform/Editor/PicoGs.cs	fixed	https://gpcp.tiktok-row.net/aegis/sceneConfig/space/184/project/2886/scene/4217?detail_id=85668011_num_
85668010	fixed	pico-ttp/Enterprise_app_LSpaceU3d	rls/swan-w-mol-ttp-qssi-20260203	chinese	中文	Gemini	zhaozhenjia	2026-02-24 13:35:55	hanbingtian	Assets/Tob XR Tools/Common/PUIUtils.cs	fixed	https://gpcp.tiktok-row.net/aegis/sceneConfig/space/184/project/2886/scene/4217?detail_id=85668010_num_
85668009	fixed	pico-ttp/Enterprise_app_LSpaceU3d	rls/swan-w-mol-ttp-qssi-20260203	chinese	中文	Gemini	zhaozhenjia	2026-02-24 13:35:55	hanbingtian	PICO Unity Integration SDK_3.1.0_20250109/Platform/Editor/PlatformConfig.cs	fixed	https://gpcp.tiktok-row.net/aegis/sceneConfig/space/184/project/2886/scene/4217?detail_id=85668009_num_
85668005	fixed	pico-ttp/Enterprise_app_LSpaceU3d	rls/swan-w-mol-ttp-qssi-20260203	chinese	中文	Gemini	zhaozhenjia	2026-02-24 13:35:54	hanbingtian	PICO Unity Integration SDK_3.1.0_20250109/Editor/PXR_SDKSettingEditor.cs	fixed	https://gpcp.tiktok-row.net/aegis/sceneConfig/space/184/project/2886/scene/4217?detail_id=85668005_num_
85668004	fixed	pico-ttp/Enterprise_app_LSpaceU3d	rls/swan-w-mol-ttp-qssi-20260203	chinese	中文	lijialun.qwq	zhaozhenjia	2026-02-24 13:35:54	hanbingtian	Assets/Resources/Localization/Localization-zh.csv	fixed	https://gpcp.tiktok-row.net/aegis/sceneConfig/space/184/project/2886/scene/4217?detail_id=85668004_num_
85668003	fixed	pico-ttp/Enterprise_app_LSpaceU3d	rls/swan-w-mol-ttp-qssi-20260203	chinese	中文	lijialun.qwq	zhaozhenjia	2026-02-24 13:35:54	hanbingtian	Assets/Resources/Localization/Localization.csv	fixed	https://gpcp.tiktok-row.net/aegis/sceneConfig/space/184/project/2886/scene/4217?detail_id=85668003_num_
85668002	open	pico-ttp/Enterprise_app_LSpaceU3d	rls/swan-w-mol-ttp-qssi-20260203	domain	https://developer-global.pico-interactive.com		zhaozhenjia	2026-02-24 13:35:54	hanbingtian	PICO Unity Integration SDK_3.1.0_20250109/Platform/Editor/PcConfig.cs	need fix	https://gpcp.tiktok-row.net/aegis/sceneConfig/space/184/project/2886/scene/4217?detail_id=85668002_num_
85668001	open	pico-ttp/Enterprise_app_LSpaceU3d	rls/swan-w-mol-ttp-qssi-20260203	domain	https://developer.picoxr.com	lijialun.qwq	zhaozhenjia	2026-02-24 13:35:54	hanbingtian	PICO Unity Integration SDK_3.1.0_20250109/Editor/ProjectValidation/PXR_ProjectValidationRecommend.cs	need fix	https://gpcp.tiktok-row.net/aegis/sceneConfig/space/184/project/2886/scene/4217?detail_id=85668001_num_
85668000	open	pico-ttp/Enterprise_app_LSpaceU3d	rls/swan-w-mol-ttp-qssi-20260203	domain	https://developer-global.pico-interactive.com		zhaozhenjia	2026-02-24 13:35:54	hanbingtian	PICO Unity Integration SDK_3.1.0_20250109/Editor/PXR_SDKSettingEditor.cs	need fix	https://gpcp.tiktok-row.net/aegis/sceneConfig/space/184/project/2886/scene/4217?detail_id=85668000_num_
85667999	open	pico-ttp/Enterprise_app_LSpaceU3d	rls/swan-w-mol-ttp-qssi-20260203	domain	https://developer-cn.pico-interactive.com		zhaozhenjia	2026-02-24 13:35:54	hanbingtian	PICO Unity Integration SDK_3.1.0_20250109/Platform/Editor/PcConfig.cs	need fix	https://gpcp.tiktok-row.net/aegis/sceneConfig/space/184/project/2886/scene/4217?detail_id=85667999_num_
85667998	open	pico-ttp/Enterprise_app_LSpaceU3d	rls/swan-w-mol-ttp-qssi-20260203	domain	https://developer-cn.picoxr.com	lijialun.qwq	zhaozhenjia	2026-02-24 13:35:54	hanbingtian	PICO Unity Integration SDK_3.1.0_20250109/Editor/ProjectValidation/PXR_ProjectValidationRecommend.cs	need fix	https://gpcp.tiktok-row.net/aegis/sceneConfig/space/184/project/2886/scene/4217?detail_id=85667998_num_
85667997	open	pico-ttp/Enterprise_app_LSpaceU3d	rls/swan-w-mol-ttp-qssi-20260203	domain	https://upm-registry.bytedance.net	lijialun.qwq	zhaozhenjia	2026-02-24 13:35:54	hanbingtian	Packages/manifest.json	need fix	https://gpcp.tiktok-row.net/aegis/sceneConfig/space/184/project/2886/scene/4217?detail_id=85667997_num_
85667996	open	pico-ttp/Enterprise_app_LSpaceU3d	rls/swan-w-mol-ttp-qssi-20260203	domain	https://upm-registry.bytedance.net	lijialun.qwq	zhaozhenjia	2026-02-24 13:35:54	hanbingtian	ProjectSettings/PackageManagerSettings.asset	need fix	https://gpcp.tiktok-row.net/aegis/sceneConfig/space/184/project/2886/scene/4217?detail_id=85667996_num_
85667995	open	pico-ttp/Enterprise_app_LSpaceU3d	rls/swan-w-mol-ttp-qssi-20260203	domain	https://developer.picoxr.com	lijialun.qwq	zhaozhenjia	2026-02-24 13:35:54	hanbingtian	PICO Unity Integration SDK_3.1.0_20250109/Editor/ProjectValidation/PXR_ProjectValidationRequired.cs	need fix	https://gpcp.tiktok-row.net/aegis/sceneConfig/space/184/project/2886/scene/4217?detail_id=85667995_num_
85667994	open	pico-ttp/Enterprise_app_LSpaceU3d	rls/swan-w-mol-ttp-qssi-20260203	domain	https://upm-registry.bytedance.net	lijialun.qwq	zhaozhenjia	2026-02-24 13:35:54	hanbingtian	Packages/packages-lock.json	need fix	https://gpcp.tiktok-row.net/aegis/sceneConfig/space/184/project/2886/scene/4217?detail_id=85667994_num_
85667993	open	pico-ttp/Enterprise_app_LSpaceU3d	rls/swan-w-mol-ttp-qssi-20260203	domain	https://developer-cn.picoxr.com	lijialun.qwq	zhaozhenjia	2026-02-24 13:35:54	hanbingtian	PICO Unity Integration SDK_3.1.0_20250109/Editor/ProjectValidation/PXR_ProjectValidationRequired.cs	need fix	https://gpcp.tiktok-row.net/aegis/sceneConfig/space/184/project/2886/scene/4217?detail_id=85667993_num_
85667989	open	pico-ttp/Enterprise_app_LSpaceU3d	rls/swan-w-mol-ttp-qssi-20260203	domain	https://developer.pico-interactive.com		zhaozhenjia	2026-02-24 13:35:53	hanbingtian	PICO Unity Integration SDK_3.1.0_20250109/Platform/Editor/PXR_PlatformSettingEditor.cs	need fix	https://gpcp.tiktok-row.net/aegis/sceneConfig/space/184/project/2886/scene/4217?detail_id=85667989_num_
85667974	open	pico-ttp/Enterprise_app_LSpaceU3d	rls/swan-w-mol-ttp-qssi-20260203	binary_check	.so		zhaozhenjia	2026-02-24 13:35:47	hanbingtian	PICO Unity Integration SDK_3.1.0_20250109/SpatialAudio/Plugins/Android/libs/arm64-v8a/libPicoSpatializer.so	need fix	https://gpcp.tiktok-row.net/aegis/sceneConfig/space/184/project/2886/scene/4217?detail_id=85667974_num_
85667973	open	pico-ttp/Enterprise_app_LSpaceU3d	rls/swan-w-mol-ttp-qssi-20260203	binary_check	.aar		zhaozhenjia	2026-02-24 13:35:47	hanbingtian	Assets/Plugins/Android/pxraratom.aar	need fix	https://gpcp.tiktok-row.net/aegis/sceneConfig/space/184/project/2886/scene/4217?detail_id=85667973_num_
85667972	open	pico-ttp/Enterprise_app_LSpaceU3d	rls/swan-w-mol-ttp-qssi-20260203	binary_check	.dll		zhaozhenjia	2026-02-24 13:35:47	hanbingtian	Assets/Third Party/DOTween/DOTween43.dll	need fix	https://gpcp.tiktok-row.net/aegis/sceneConfig/space/184/project/2886/scene/4217?detail_id=85667972_num_
85667971	open	pico-ttp/Enterprise_app_LSpaceU3d	rls/swan-w-mol-ttp-qssi-20260203	binary_check	.dll		zhaozhenjia	2026-02-24 13:35:47	hanbingtian	Assets/Third Party/DOTween/Editor/DOTweenEditor.dll	need fix	https://gpcp.tiktok-row.net/aegis/sceneConfig/space/184/project/2886/scene/4217?detail_id=85667971_num_
85667970	open	pico-ttp/Enterprise_app_LSpaceU3d	rls/swan-w-mol-ttp-qssi-20260203	binary_check	.dll		zhaozhenjia	2026-02-24 13:35:47	hanbingtian	Assets/Third Party/DOTween/DOTween.dll	need fix	https://gpcp.tiktok-row.net/aegis/sceneConfig/space/184/project/2886/scene/4217?detail_id=85667970_num_
85667969	open	pico-ttp/Enterprise_app_LSpaceU3d	rls/swan-w-mol-ttp-qssi-20260203	binary_check	.dll		zhaozhenjia	2026-02-24 13:35:47	hanbingtian	Assets/Third Party/DOTween/DOTween46.dll	need fix	https://gpcp.tiktok-row.net/aegis/sceneConfig/space/184/project/2886/scene/4217?detail_id=85667969_num_
85667968	open	pico-ttp/Enterprise_app_LSpaceU3d	rls/swan-w-mol-ttp-qssi-20260203	binary_check	.so		zhaozhenjia	2026-02-24 13:35:47	hanbingtian	PICO Unity Integration SDK_3.1.0_20250109/SpatialAudio/Plugins/Android/libs/arm64-v8a/libPicoAmbisonicDecoder.so	need fix	https://gpcp.tiktok-row.net/aegis/sceneConfig/space/184/project/2886/scene/4217?detail_id=85667968_num_
85667967	open	pico-ttp/Enterprise_app_LSpaceU3d	rls/swan-w-mol-ttp-qssi-20260203	binary_check	.so		zhaozhenjia	2026-02-24 13:35:47	hanbingtian	PICO Unity Integration SDK_3.1.0_20250109/SpatialAudio/Plugins/Android/libs/armeabi-v7a/libPicoSpatializer.so	need fix	https://gpcp.tiktok-row.net/aegis/sceneConfig/space/184/project/2886/scene/4217?detail_id=85667967_num_
85667966	open	pico-ttp/Enterprise_app_LSpaceU3d	rls/swan-w-mol-ttp-qssi-20260203	binary_check	.dll		zhaozhenjia	2026-02-24 13:35:47	hanbingtian	Assets/Plugins/Libs/Jeffijoe.MessageFormat.dll	need fix	https://gpcp.tiktok-row.net/aegis/sceneConfig/space/184/project/2886/scene/4217?detail_id=85667966_num_
85667965	open	pico-ttp/Enterprise_app_LSpaceU3d	rls/swan-w-mol-ttp-qssi-20260203	binary_check	.dll		zhaozhenjia	2026-02-24 13:35:47	hanbingtian	Assets/Third Party/DOTween/DOTween50.dll	need fix	https://gpcp.tiktok-row.net/aegis/sceneConfig/space/184/project/2886/scene/4217?detail_id=85667965_num_
85667964	open	pico-ttp/Enterprise_app_LSpaceU3d	rls/swan-w-mol-ttp-qssi-20260203	binary_check	.jar		zhaozhenjia	2026-02-24 13:35:47	hanbingtian	Assets/Plugins/Android/lib/pxrnotification.jar	need fix	https://gpcp.tiktok-row.net/aegis/sceneConfig/space/184/project/2886/scene/4217?detail_id=85667964_num_
85667963	open	pico-ttp/Enterprise_app_LSpaceU3d	rls/swan-w-mol-ttp-qssi-20260203	binary_check	.jar		zhaozhenjia	2026-02-24 13:35:47	hanbingtian	Assets/Plugins/Android/lib/configclientlibrary.jar	need fix	https://gpcp.tiktok-row.net/aegis/sceneConfig/space/184/project/2886/scene/4217?detail_id=85667963_num_
85667961	open	pico-ttp/Enterprise_app_LSpaceU3d	rls/swan-w-mol-ttp-qssi-20260203	binary_check	.jar		zhaozhenjia	2026-02-24 13:35:46	hanbingtian	Assets/Plugins/Android/lib/safearealib.jar	need fix	https://gpcp.tiktok-row.net/aegis/sceneConfig/space/184/project/2886/scene/4217?detail_id=85667961_num_
85667960	open	pico-ttp/Enterprise_app_LSpaceU3d	rls/swan-w-mol-ttp-qssi-20260203	binary_check	.dll		zhaozhenjia	2026-02-24 13:35:46	hanbingtian	Assets/Plugins/Libs/Microsoft.Extensions.ObjectPool.dll	need fix	https://gpcp.tiktok-row.net/aegis/sceneConfig/space/184/project/2886/scene/4217?detail_id=85667960_num_
85667959	open	pico-ttp/Enterprise_app_LSpaceU3d	rls/swan-w-mol-ttp-qssi-20260203	binary_check	.aar		zhaozhenjia	2026-02-24 13:35:46	hanbingtian	Assets/Plugins/Android/blspace_lib.aar	need fix	https://gpcp.tiktok-row.net/aegis/sceneConfig/space/184/project/2886/scene/4217?detail_id=85667959_num_
85667958	open	pico-ttp/Enterprise_app_LSpaceU3d	rls/swan-w-mol-ttp-qssi-20260203	binary_check	.so		zhaozhenjia	2026-02-24 13:35:46	hanbingtian	PICO Unity Integration SDK_3.1.0_20250109/SpatialAudio/Plugins/Android/libs/armeabi-v7a/libPicoAmbisonicDecoder.so	need fix	https://gpcp.tiktok-row.net/aegis/sceneConfig/space/184/project/2886/scene/4217?detail_id=85667958_num_
85667957	open	pico-ttp/Enterprise_app_LSpaceU3d	rls/swan-w-mol-ttp-qssi-20260203	binary_check	.dylib		zhaozhenjia	2026-02-24 13:35:46	hanbingtian	PICO Unity Integration SDK_3.1.0_20250109/SpatialAudio/Plugins/OSX/libPicoAudioRouter.dylib	need fix	https://gpcp.tiktok-row.net/aegis/sceneConfig/space/184/project/2886/scene/4217?detail_id=85667957_num_
85667956	open	pico-ttp/Enterprise_app_LSpaceU3d	rls/swan-w-mol-ttp-qssi-20260203	binary_check	.dylib		zhaozhenjia	2026-02-24 13:35:46	hanbingtian	PICO Unity Integration SDK_3.1.0_20250109/SpatialAudio/Plugins/OSX/libPicoSpatializer.dylib	need fix	https://gpcp.tiktok-row.net/aegis/sceneConfig/space/184/project/2886/scene/4217?detail_id=85667956_num_
85667955	open	pico-ttp/Enterprise_app_LSpaceU3d	rls/swan-w-mol-ttp-qssi-20260203	binary_check	.aar		zhaozhenjia	2026-02-24 13:35:46	hanbingtian	PICO Unity Integration SDK_3.1.0_20250109/Enterprise/android/capturelib-0.0.7.aar	need fix	https://gpcp.tiktok-row.net/aegis/sceneConfig/space/184/project/2886/scene/4217?detail_id=85667955_num_
85667954	open	pico-ttp/Enterprise_app_LSpaceU3d	rls/swan-w-mol-ttp-qssi-20260203	binary_check	.dll		zhaozhenjia	2026-02-24 13:35:46	hanbingtian	PICO Unity Integration SDK_3.1.0_20250109/SpatialAudio/Plugins/Win/x64/PicoSpatializer.dll	need fix	https://gpcp.tiktok-row.net/aegis/sceneConfig/space/184/project/2886/scene/4217?detail_id=85667954_num_
85667953	open	pico-ttp/Enterprise_app_LSpaceU3d	rls/swan-w-mol-ttp-qssi-20260203	binary_check	.so		zhaozhenjia	2026-02-24 13:35:46	hanbingtian	PICO Unity Integration SDK_3.1.0_20250109/SpatialAudio/Plugins/Android/libs/arm64-v8a/libPicoAudioRouter.so	need fix	https://gpcp.tiktok-row.net/aegis/sceneConfig/space/184/project/2886/scene/4217?detail_id=85667953_num_
85667952	open	pico-ttp/Enterprise_app_LSpaceU3d	rls/swan-w-mol-ttp-qssi-20260203	binary_check	.dll		zhaozhenjia	2026-02-24 13:35:46	hanbingtian	PICO Unity Integration SDK_3.1.0_20250109/SpatialAudio/Plugins/Win/x64/PicoAudioRouter.dll	need fix	https://gpcp.tiktok-row.net/aegis/sceneConfig/space/184/project/2886/scene/4217?detail_id=85667952_num_
85667951	open	pico-ttp/Enterprise_app_LSpaceU3d	rls/swan-w-mol-ttp-qssi-20260203	binary_check	.dll		zhaozhenjia	2026-02-24 13:35:46	hanbingtian	PICO Unity Integration SDK_3.1.0_20250109/SpatialAudio/Plugins/Win/x64/PicoAmbisonicDecoder.dll	need fix	https://gpcp.tiktok-row.net/aegis/sceneConfig/space/184/project/2886/scene/4217?detail_id=85667951_num_
85667950	open	pico-ttp/Enterprise_app_LSpaceU3d	rls/swan-w-mol-ttp-qssi-20260203	binary_check	.aar		zhaozhenjia	2026-02-24 13:35:46	hanbingtian	PICO Unity Integration SDK_3.1.0_20250109/Enterprise/android/tob_api-release.aar	need fix	https://gpcp.tiktok-row.net/aegis/sceneConfig/space/184/project/2886/scene/4217?detail_id=85667950_num_
85667949	open	pico-ttp/Enterprise_app_LSpaceU3d	rls/swan-w-mol-ttp-qssi-20260203	binary_check	.dylib		zhaozhenjia	2026-02-24 13:35:46	hanbingtian	PICO Unity Integration SDK_3.1.0_20250109/SpatialAudio/Plugins/OSX/libPicoAmbisonicDecoder.dylib	need fix	https://gpcp.tiktok-row.net/aegis/sceneConfig/space/184/project/2886/scene/4217?detail_id=85667949_num_
85667948	open	pico-ttp/Enterprise_app_LSpaceU3d	rls/swan-w-mol-ttp-qssi-20260203	binary_check	.so		zhaozhenjia	2026-02-24 13:35:46	hanbingtian	PICO Unity Integration SDK_3.1.0_20250109/SpatialAudio/Plugins/Android/libs/armeabi-v7a/libPicoAudioRouter.so	need fix	https://gpcp.tiktok-row.net/aegis/sceneConfig/space/184/project/2886/scene/4217?detail_id=85667948_num_
85667947	open	pico-ttp/Enterprise_app_LSpaceU3d	rls/swan-w-mol-ttp-qssi-20260203	binary_check	.aar		zhaozhenjia	2026-02-24 13:35:46	hanbingtian	PICO Unity Integration SDK_3.1.0_20250109/Enterprise/android/tobservicelib-release.aar	need fix	https://gpcp.tiktok-row.net/aegis/sceneConfig/space/184/project/2886/scene/4217?detail_id=85667947_num_
85667946	open	pico-ttp/Enterprise_app_LSpaceU3d	rls/swan-w-mol-ttp-qssi-20260203	binary_check	.aar		zhaozhenjia	2026-02-24 13:35:46	hanbingtian	PICO Unity Integration SDK_3.1.0_20250109/Enterprise/android/BAuthLib-1.0.0.aar	need fix	https://gpcp.tiktok-row.net/aegis/sceneConfig/space/184/project/2886/scene/4217?detail_id=85667946_num_
85667945	open	pico-ttp/Enterprise_app_LSpaceU3d	rls/swan-w-mol-ttp-qssi-20260203	binary_check	.aar		zhaozhenjia	2026-02-24 13:35:46	hanbingtian	PICO Unity Integration SDK_3.1.0_20250109/Runtime/Android/pxr_api-release.aar	need fix	https://gpcp.tiktok-row.net/aegis/sceneConfig/space/184/project/2886/scene/4217?detail_id=85667945_num_
85667944	open	pico-ttp/Enterprise_app_LSpaceU3d	rls/swan-w-mol-ttp-qssi-20260203	binary_check	.dll		zhaozhenjia	2026-02-24 13:35:46	hanbingtian	PICO Unity Integration SDK_3.1.0_20250109/Platform/Plugins/Windows/RTCFFmpeg.dll	need fix	https://gpcp.tiktok-row.net/aegis/sceneConfig/space/184/project/2886/scene/4217?detail_id=85667944_num_
85667943	open	pico-ttp/Enterprise_app_LSpaceU3d	rls/swan-w-mol-ttp-qssi-20260203	binary_check	.dll		zhaozhenjia	2026-02-24 13:35:46	hanbingtian	PICO Unity Integration SDK_3.1.0_20250109/Platform/Plugins/Windows/libpxrplatformloader.dll	need fix	https://gpcp.tiktok-row.net/aegis/sceneConfig/space/184/project/2886/scene/4217?detail_id=85667943_num_
85667942	open	pico-ttp/Enterprise_app_LSpaceU3d	rls/swan-w-mol-ttp-qssi-20260203	binary_check	.dll		zhaozhenjia	2026-02-24 13:35:46	hanbingtian	PICO Unity Integration SDK_3.1.0_20250109/Platform/Plugins/Windows/libGLESv2.dll	need fix	https://gpcp.tiktok-row.net/aegis/sceneConfig/space/184/project/2886/scene/4217?detail_id=85667942_num_
85667940	open	pico-ttp/Enterprise_app_LSpaceU3d	rls/swan-w-mol-ttp-qssi-20260203	binary_check	.dll		zhaozhenjia	2026-02-24 13:35:46	hanbingtian	PICO Unity Integration SDK_3.1.0_20250109/Platform/Plugins/Windows/VolcEngineRTC.dll	need fix	https://gpcp.tiktok-row.net/aegis/sceneConfig/space/184/project/2886/scene/4217?detail_id=85667940_num_
85667936	open	pico-ttp/Enterprise_app_LSpaceU3d	rls/swan-w-mol-ttp-qssi-20260203	binary_check	.aar		zhaozhenjia	2026-02-24 13:35:46	hanbingtian	PICO Unity Integration SDK_3.1.0_20250109/Enterprise/android/CameraRenderingPlugin.aar	need fix	https://gpcp.tiktok-row.net/aegis/sceneConfig/space/184/project/2886/scene/4217?detail_id=85667936_num_
85667934	open	pico-ttp/Enterprise_app_LSpaceU3d	rls/swan-w-mol-ttp-qssi-20260203	binary_check	.aar		zhaozhenjia	2026-02-24 13:35:46	hanbingtian	PICO Unity Integration SDK_3.1.0_20250109/Runtime/Android/PxrPlatform.aar	need fix	https://gpcp.tiktok-row.net/aegis/sceneConfig/space/184/project/2886/scene/4217?detail_id=85667934_num_
85667933	open	pico-ttp/Enterprise_app_LSpaceU3d	rls/swan-w-mol-ttp-qssi-20260203	binary_check	.dll		zhaozhenjia	2026-02-24 13:35:46	hanbingtian	PICO Unity Integration SDK_3.1.0_20250109/Platform/Plugins/Windows/openh264-4.dll	need fix	https://gpcp.tiktok-row.net/aegis/sceneConfig/space/184/project/2886/scene/4217?detail_id=85667933_num_
85667932	open	pico-ttp/Enterprise_app_LSpaceU3d	rls/swan-w-mol-ttp-qssi-20260203	binary_check	.dll		zhaozhenjia	2026-02-24 13:35:46	hanbingtian	PICO Unity Integration SDK_3.1.0_20250109/Platform/Plugins/Windows/libEGL.dll	need fix	https://gpcp.tiktok-row.net/aegis/sceneConfig/space/184/project/2886/scene/4217?detail_id=85667932_num_
85667930	open	pico-ttp/Enterprise_app_LSpaceU3d	rls/swan-w-mol-ttp-qssi-20260203	binary_check	.so		zhaozhenjia	2026-02-24 13:35:46	hanbingtian	PICO Unity Integration SDK_3.1.0_20250109/Platform/Plugins/Android64/libpxrplatformloader.so	need fix	https://gpcp.tiktok-row.net/aegis/sceneConfig/space/184/project/2886/scene/4217?detail_id=85667930_num_